ORIGEM;DESTINO;PARTIDA;CHEGADA;DURAÇÃO;;
KMCO;SBFZ;15:25;23:20;07:55;;
KMCO;SBEG;16:55;22:45;05:50;;
KMIA;SBFZ;15:30;22:55;07:25;;
KMIA;SBBR;11:45;19:30;07:45;;
KMIA;SBFZ;15:30;22:40;07:10;;
SABE;SBGR;11:35;14:35;03:00;;
SABE;SBGR;13:35;16:35;03:00;;
SABE;SBGR;18:05;21:05;03:00;;
SABE;SBFL;20:20;22:30;02:10;;
SABE;SBGR;13:35;16:30;02:55;;
SABE;SBFL;20:20;22:10;01:50;;
SABE;SBFL;16:20;18:20;02:00;;
SABE;SBGR;18:15;21:10;02:55;;
SABE;SBGR;13:35;16:20;02:45;;
SAEZ;SBGR;08:25;11:35;03:10;;
SAEZ;SBGL;12:20;15:15;02:55;;
SAEZ;SBCF;14:05;17:25;03:20;;
SAEZ;SKBO;16:55;23:28;06:33;;
SAEZ;SBGL;18:40;21:40;03:00;;
SAEZ;SBSV;08:35;13:00;04:25;;
SAEZ;SBMO;10:30;15:25;04:55;;
SAEZ;SBGL;12:20;15:20;03:00;;
SAEZ;SBFL;16:35;18:45;02:10;;
SAEZ;SBMO;19:10;23:55;04:45;;
SAEZ;SBFL;22:45;00:45;02:00;;
SAEZ;SBFZ;04:50;10:25;05:35;;
SAEZ;SBFL;10:40;12:50;02:10;;
SAEZ;SBPS;16:40;20:30;03:50;;
SAEZ;SBGL;18:40;21:35;02:55;;
SAEZ;SBGL;15:30;18:30;03:00;;
SAEZ;SBFZ;17:00;22:45;05:45;;
SAEZ;SBFL;16:25;18:35;02:10;;
SAEZ;SBFL;22:55;00:55;02:00;;
SAEZ;SBFZ;04:40;10:25;05:45;;
SAEZ;SBFL;05:20;07:30;02:10;;
SAME;SBGR;14:20;17:20;03:00;;
SAME;SBGR;14:45;18:00;03:15;;
SAME;SBGR;15:50;19:05;03:15;;
SAME;SBGR;14:20;17:35;03:15;;
SAME;SBGR;14:20;17:30;03:10;;
SBAR;SBGL;11:15;13:40;02:25;;
SBAR;SBGR;13:20;16:00;02:40;;
SBAR;SBGR;17:30;20:15;02:45;;
SBAR;SBSP;09:35;12:30;02:55;;
SBAR;SBGL;16:40;19:00;02:20;;
SBAR;SBSP;09:40;12:35;02:55;;
SBAR;SBSP;12:05;15:00;02:55;;
SBAR;SBGR;12:40;15:20;02:40;;
SBAR;SBGR;17:40;20:25;02:45;;
SBAR;SBSP;09:30;12:25;02:55;;
SBAR;SBGL;11:05;13:30;02:25;;
SBAR;SBSP;12:00;14:55;02:55;;
SBAR;SBGL;11:10;13:35;02:25;;
SBAU;SBSP;13:45;14:55;01:10;;
SBBE;SBMQ;12:45;13:45;01:00;;
SBBE;SBBR;16:50;19:30;02:40;;
SBBE;SBGR;04:15;07:50;03:35;;
SBBE;SBEG;22:35;00:35;02:00;;
SBBE;SBEG;20:20;22:30;02:10;;
SBBE;SMJP;12:30;14:25;01:55;;
SBBE;SBBR;18:20;21:00;02:40;;
SBBE;SBGR;04:10;07:45;03:35;;
SBBE;SBGR;04:05;07:50;03:45;;
SBBE;SBGR;04:00;07:45;03:45;;
SBBE;SBBR;05:00;07:35;02:35;;
SBBR;SBGL;06:00;07:50;01:50;;
SBBR;SBSL;08:35;11:05;02:30;;
SBBR;SBSG;08:40;11:25;02:45;;
SBBR;SBRB;08:45;12:05;03:20;;
SBBR;SBMO;08:55;11:20;02:25;;
SBBR;SBSP;08:55;10:50;01:55;;
SBBR;SBSV;09:00;10:55;01:55;;
SBBR;SBVT;09:05;10:55;01:50;;
SBBR;SBBE;09:25;12:05;02:40;;
SBBR;SBSP;09:25;11:15;01:50;;
SBBR;SBGO;09:35;10:30;00:55;;
SBBR;KMCO;09:40;18:00;08:20;;
SBBR;KMIA;10:00;17:55;07:55;;
SBBR;SBSV;12:10;14:10;02:00;;
SBBR;SBRJ;12:25;14:10;01:45;;
SBBR;KMCO;12:55;21:15;08:20;;
SBBR;SBRF;13:20;16:05;02:45;;
SBBR;SBSP;17:00;18:50;01:50;;
SBBR;SBGL;17:25;19:10;01:45;;
SBBR;SBRJ;17:50;19:35;01:45;;
SBBR;SBGR;18:30;20:25;01:55;;
SBBR;SBSP;20:05;21:55;01:50;;
SBBR;SBSV;20:20;22:10;01:50;;
SBBR;SBRJ;20:30;22:20;01:50;;
SBBR;SBSP;20:35;22:25;01:50;;
SBBR;SBFZ;20:40;23:15;02:35;;
SBBR;SBGR;20:40;22:35;01:55;;
SBBR;SBPV;20:40;23:35;02:55;;
SBBR;SBSV;20:50;22:50;02:00;;
SBBR;SBRF;20:55;23:35;02:40;;
SBBR;SBKP;21:00;22:45;01:45;;
SBBR;SBPA;21:00;23:45;02:45;;
SBBR;SBBE;21:15;23:50;02:35;;
SBBR;SBCT;21:15;23:15;02:00;;
SBBR;SBCY;21:30;23:25;01:55;;
SBBR;SBGL;06:20;08:10;01:50;;
SBBR;SBRJ;07:00;08:50;01:50;;
SBBR;SBSP;07:15;09:05;01:50;;
SBBR;SBPA;08:45;11:30;02:45;;
SBBR;SBEG;08:50;12:05;03:15;;
SBBR;SBFZ;08:50;11:25;02:35;;
SBBR;SBJP;08:50;11:35;02:45;;
SBBR;SBRJ;08:55;10:45;01:50;;
SBBR;SBRF;09:00;11:50;02:50;;
SBBR;SBCF;09:20;10:45;01:25;;
SBBR;SBGO;09:20;10:15;00:55;;
SBBR;SBEG;20:50;23:50;03:00;;
SBBR;SBGR;06:05;08:05;02:00;;
SBBR;SBGR;10:35;12:15;01:40;;
SBBR;SBRF;20:45;23:25;02:40;;
SBBR;SBCY;21:40;23:35;01:55;;
SBBR;SBSV;22:00;23:50;01:50;;
SBBR;SBBE;08:40;11:20;02:40;;
SBBR;SBRF;09:00;11:45;02:45;;
SBBR;SBCF;09:15;10:40;01:25;;
SBBR;SBGL;09:25;11:15;01:50;;
SBBR;SBSP;09:25;11:20;01:55;;
SBBR;MMUN;11:55;20:00;08:05;;
SBBR;SBCT;12:05;14:05;02:00;;
SBBR;SBSV;15:00;17:00;02:00;;
SBBR;SBMO;16:50;19:15;02:25;;
SBBR;SBGL;17:30;19:20;01:50;;
SBBR;SBSP;17:35;19:25;01:50;;
SBBR;SBJP;21:00;23:45;02:45;;
SBBR;SBMO;21:00;23:25;02:25;;
SBBR;SBAR;22:00;00:15;02:15;;
SBBR;SBRF;22:15;01:00;02:45;;
SBBR;SBGL;06:15;08:05;01:50;;
SBBR;SBSP;08:50;10:45;01:55;;
SBBR;SBGR;10:35;12:10;01:35;;
SBBR;SBSV;21:00;23:00;02:00;;
SBBR;SBFZ;07:40;10:15;02:35;;
SBBR;SAEZ;08:40;12:15;03:35;;
SBBR;MMUN;11:30;19:35;08:05;;
SBBR;SBTE;22:40;00:55;02:15;;
SBBR;SBCF;20:55;22:25;01:30;;
SBBR;SBPA;20:30;23:15;02:45;;
SBBR;SBSV;22:15;00:05;01:50;;
SBBR;SBPJ;20:45;22:05;01:20;;
SBBR;SBRF;20:55;23:40;02:45;;
SBBR;SBCT;08:35;10:35;02:00;;
SBBR;SBSP;09:15;11:10;01:55;;
SBBR;SBEG;08:50;11:55;03:05;;
SBBR;SBSV;08:55;10:55;02:00;;
SBBR;SBMO;09:00;11:25;02:25;;
SBBR;SBSP;09:15;11:00;01:45;;
SBBR;MMUN;12:05;20:00;07:55;;
SBBR;SBPA;08:45;11:25;02:40;;
SBBR;SBSG;21:00;23:45;02:45;;
SBBR;SBJP;21:20;00:05;02:45;;
SBBR;SBGR;06:15;08:05;01:50;;
SBBR;MMUN;11:40;19:35;07:55;;
SBBR;SBGL;06:50;08:40;01:50;;
SBBR;SBCY;08:00;09:55;01:55;;
SBBR;SBSP;09:05;11:00;01:55;;
SBBR;SBGR;11:35;13:20;01:45;;
SBCA;SBGR;11:25;13:00;01:35;;
SBCA;SBGR;11:35;13:10;01:35;;
SBCF;SAEZ;10:00;13:20;03:20;;
SBCF;SBGL;10:20;11:30;01:10;;
SBCF;SBSP;10:20;11:40;01:20;;
SBCF;SBGR;10:55;12:15;01:20;;
SBCF;SBSP;14:05;15:30;01:25;;
SBCF;SBGR;15:05;16:25;01:20;;
SBCF;SBGL;16:30;17:35;01:05;;
SBCF;SBSP;16:30;17:55;01:25;;
SBCF;SBGL;17:55;19:00;01:05;;
SBCF;SBSP;18:15;19:45;01:30;;
SBCF;SBSP;19:10;20:40;01:30;;
SBCF;SBGR;19:15;20:35;01:20;;
SBCF;SBGL;19:50;20:55;01:05;;
SBCF;SBGR;06:25;07:50;01:25;;
SBCF;SBBR;06:35;07:55;01:20;;
SBCF;SBGR;09:50;11:10;01:20;;
SBCF;SBSV;11:05;12:50;01:45;;
SBCF;SBSP;11:10;12:30;01:20;;
SBCF;SBSV;15:40;17:25;01:45;;
SBCF;SBSP;08:15;09:40;01:25;;
SBCF;SBSP;09:00;10:30;01:30;;
SBCF;SBGR;10:05;11:25;01:20;;
SBCF;SBSV;11:50;13:35;01:45;;
SBCF;SBSP;17:10;18:40;01:30;;
SBCF;SBGR;18:50;20:10;01:20;;
SBCF;SBMO;20:15;22:35;02:20;;
SBCF;SBGL;09:55;11:05;01:10;;
SBCF;SBMO;10:20;12:35;02:15;;
SBCF;SBPS;11:10;12:30;01:20;;
SBCF;SBPS;12:35;14:00;01:25;;
SBCF;SBSV;15:45;17:30;01:45;;
SBCF;SBFZ;17:00;19:50;02:50;;
SBCF;SBPS;19:15;20:35;01:20;;
SBCF;SBSP;20:40;22:10;01:30;;
SBCF;SBPS;06:40;08:00;01:20;;
SBCF;SBSP;07:50;09:15;01:25;;
SBCF;SBPS;08:10;09:30;01:20;;
SBCF;SBPS;08:40;10:00;01:20;;
SBCF;SBGR;10:15;11:35;01:20;;
SBCF;SBPS;12:10;13:30;01:20;;
SBCF;SBMO;12:30;14:45;02:15;;
SBCF;SBSP;17:25;18:55;01:30;;
SBCF;SBSP;18:25;19:55;01:30;;
SBCF;SBPS;20:50;22:15;01:25;;
SBCF;SBGR;06:50;08:15;01:25;;
SBCF;SBSP;17:00;18:30;01:30;;
SBCF;SBPS;11:05;12:30;01:25;;
SBCF;SBGR;19:10;20:30;01:20;;
SBCF;SBGL;10:35;11:45;01:10;;
SBCF;SBBR;18:30;19:50;01:20;;
SBCF;SBBR;20:35;21:55;01:20;;
SBCF;SBGL;23:05;00:10;01:05;;
SBCF;SBGR;09:40;11:00;01:20;;
SBCF;SBCJ;11:30;14:00;02:30;;
SBCF;SBEG;11:10;14:55;03:45;;
SBCF;SBSP;16:05;17:30;01:25;;
SBCF;SBGR;10:10;11:30;01:20;;
SBCF;SBBR;06:45;08:00;01:15;;
SBCF;SBGR;10:00;11:20;01:20;;
SBCF;SBPS;12:05;13:30;01:25;;
SBCF;SBSP;19:00;20:30;01:30;;
SBCF;SBMO;19:10;21:30;02:20;;
SBCF;SBSP;09:40;11:10;01:30;;
SBCF;SBSP;17:05;18:35;01:30;;
SBCF;SBGR;19:00;20:20;01:20;;
SBCF;SBRF;20:10;22:40;02:30;;
SBCF;SBGR;09:55;11:15;01:20;;
SBCG;SBGR;12:10;13:55;01:45;;
SBCG;SBSP;13:15;14:55;01:40;;
SBCG;SBGR;21:15;23:05;01:50;;
SBCG;SBGR;20:20;22:00;01:40;;
SBCG;SBGR;11:45;13:30;01:45;;
SBCG;SBSP;13:20;15:00;01:40;;
SBCG;SBSP;16:10;17:55;01:45;;
SBCG;SBGR;20:25;22:05;01:40;;
SBCG;SBSP;15:45;17:30;01:45;;
SBCG;SBGR;21:30;23:20;01:50;;
SBCH;SBSP;15:15;16:50;01:35;;
SBCH;SBSP;15:15;17:00;01:45;;
SBCH;SBSP;15:25;17:05;01:40;;
SBCJ;SBCF;14:40;17:10;02:30;;
SBCN;SBSP;13:25;14:55;01:30;;
SBCN;SBSP;13:05;14:40;01:35;;
SBCN;SBSP;12:50;14:25;01:35;;
SBCN;SBSP;12:55;14:25;01:30;;
SBCT;SBSP;09:50;11:00;01:10;;
SBCT;SBSP;10:45;11:55;01:10;;
SBCT;SBGR;11:05;12:15;01:10;;
SBCT;SBGL;11:20;12:40;01:20;;
SBCT;SBSP;12:25;13:35;01:10;;
SBCT;SBSP;18:05;19:25;01:20;;
SBCT;SBBR;18:10;20:10;02:00;;
SBCT;SBGL;18:45;20:10;01:25;;
SBCT;SBGR;19:30;20:40;01:10;;
SBCT;SBSP;21:00;22:10;01:10;;
SBCT;SBBR;06:05;08:00;01:55;;
SBCT;SBGR;06:40;07:50;01:10;;
SBCT;SBSP;18:15;19:35;01:20;;
SBCT;SBSP;09:00;10:05;01:05;;
SBCT;SBGR;11:15;12:25;01:10;;
SBCT;SBBR;14:50;16:45;01:55;;
SBCT;SBGL;17:50;19:15;01:25;;
SBCT;SBGR;19:15;20:30;01:15;;
SBCT;SBGL;19:30;20:55;01:25;;
SBCT;SBMG;22:05;23:10;01:05;;
SBCT;SBGR;11:10;12:20;01:10;;
SBCT;SBSP;18:30;19:45;01:15;;
SBCT;SBSP;18:20;19:45;01:25;;
SBCT;SBSP;19:10;20:25;01:15;;
SBCT;SBSP;18:10;19:25;01:15;;
SBCT;SBSP;18:40;19:55;01:15;;
SBCT;SBGR;10:00;11:10;01:10;;
SBCT;SBGR;10:15;11:25;01:10;;
SBCX;SBSP;13:50;15:25;01:35;;
SBCX;SBSP;16:35;18:10;01:35;;
SBCX;SBSP;20:30;22:05;01:35;;
SBCY;SBGR;12:30;14:55;02:25;;
SBCY;SBGR;05:25;07:45;02:20;;
SBCY;SBBR;06:00;07:40;01:40;;
SBCY;SBGR;11:45;14:15;02:30;;
SBCY;SBGR;11:55;14:20;02:25;;
SBCY;SBGR;10:50;12:45;01:55;;
SBCY;SBGR;05:50;08:10;02:20;;
SBCY;SBGR;10:50;12:50;02:00;;
SBCY;SBGR;10:40;12:45;02:05;;
SBCY;SBGR;05:30;07:45;02:15;;
SBCY;SBGR;12:05;14:15;02:10;;
SBCZ;SBRB;14:40;15:55;01:15;;
SBDB;SBSP;14:05;15:55;01:50;;
SBDB;SBSP;13:45;15:40;01:55;;
SBDB;SBSP;14:00;15:55;01:55;;
SBDN;SBSP;14:30;15:50;01:20;;
SBDN;SBSP;14:05;15:25;01:20;;
SBEG;KMIA;14:00;20:15;06:15;;
SBEG;SBGR;17:50;21:45;03:55;;
SBEG;SBSN;12:45;13:55;01:10;;
SBEG;SBRB;14:00;16:00;02:00;;
SBEG;SBBR;16:50;19:45;02:55;;
SBEG;SBGR;18:05;22:05;04:00;;
SBEG;SBRB;14:05;16:00;01:55;;
SBEG;SBRB;14:00;15:55;01:55;;
SBEG;SBGR;17:55;21:55;04:00;;
SBEG;SBBR;16:45;19:40;02:55;;
SBEG;KMCO;06:50;13:00;06:10;;
SBEG;SBGR;15:25;19:20;03:55;;
SBEG;KMCO;17:10;23:20;06:10;;
SBEG;SBSN;12:35;13:50;01:15;;
SBEG;SBGR;15:25;19:25;04:00;;
SBEG;SBBR;16:45;19:45;03:00;;
SBEG;SBGL;09:35;13:40;04:05;;
SBEG;SBBR;16:40;19:40;03:00;;
SBFI;SBGL;10:55;13:00;02:05;;
SBFI;SBGR;11:35;13:15;01:40;;
SBFI;SBSP;14:05;15:55;01:50;;
SBFI;SBGL;17:20;19:15;01:55;;
SBFI;SBGR;06:25;08:05;01:40;;
SBFI;SBSP;09:55;11:50;01:55;;
SBFI;SBGR;06:20;08:00;01:40;;
SBFI;SBSP;09:50;11:40;01:50;;
SBFI;SBGL;17:20;19:20;02:00;;
SBFI;SBGR;19:25;21:10;01:45;;
SBFI;SBSP;09:00;10:45;01:45;;
SBFI;SBGL;14:45;16:50;02:05;;
SBFI;SBGR;20:00;21:50;01:50;;
SBFI;SBSP;09:35;11:20;01:45;;
SBFI;SBGR;20:10;21:50;01:40;;
SBFI;SBGL;10:55;12:55;02:00;;
SBFI;SBGR;06:45;08:25;01:40;;
SBFI;SBSP;10:00;11:50;01:50;;
SBFI;SBSP;09:50;11:45;01:55;;
SBFI;SBGL;17:35;19:30;01:55;;
SBFI;SBGL;10:50;12:55;02:05;;
SBFI;SBGR;20:15;21:50;01:35;;
SBFI;SBGR;20:10;22:05;01:55;;
SBFI;SBGR;20:10;22:00;01:50;;
SBFI;SBSP;13:50;15:35;01:45;;
SBFI;SBGR;20:00;21:55;01:55;;
SBFL;SBSP;08:10;09:25;01:15;;
SBFL;SBSP;09:50;11:05;01:15;;
SBFL;SBGL;10:05;11:35;01:30;;
SBFL;SBGR;11:10;12:35;01:25;;
SBFL;SBSP;12:15;13:20;01:05;;
SBFL;SBSP;15:30;16:40;01:10;;
SBFL;SBGL;17:40;19:05;01:25;;
SBFL;SBSP;18:35;19:50;01:15;;
SBFL;SBGR;19:35;21:00;01:25;;
SBFL;SBSP;20:15;21:30;01:15;;
SBFL;SBGL;06:35;08:05;01:30;;
SBFL;SBSP;11:55;13:10;01:15;;
SBFL;SBSP;18:35;19:55;01:20;;
SBFL;SBSP;19:35;20:50;01:15;;
SBFL;SBGL;09:55;11:25;01:30;;
SBFL;SBSP;10:45;12:00;01:15;;
SBFL;SBGR;11:20;12:45;01:25;;
SBFL;SABE;13:05;15:30;02:25;;
SBFL;SAEZ;13:20;15:50;02:30;;
SBFL;SBSP;14:55;16:10;01:15;;
SBFL;SAEZ;15:50;18:20;02:30;;
SBFL;SBSP;18:30;19:50;01:20;;
SBFL;SAEZ;19:30;21:50;02:20;;
SBFL;SBGR;19:40;21:05;01:25;;
SBFL;SBGR;06:30;07:55;01:25;;
SBFL;SBSP;09:40;10:55;01:15;;
SBFL;SBSP;12:10;13:25;01:15;;
SBFL;SBSP;13:40;14:55;01:15;;
SBFL;SBSP;14:15;15:30;01:15;;
SBFL;SBSP;15:40;16:55;01:15;;
SBFL;SBSP;18:20;19:40;01:20;;
SBFL;SBGR;19:15;20:40;01:25;;
SBFL;SBSP;15:50;17:05;01:15;;
SBFL;SBGR;06:15;07:35;01:20;;
SBFL;SBSP;12:35;13:40;01:05;;
SBFL;SBSP;15:45;17:00;01:15;;
SBFL;SBGL;17:40;19:10;01:30;;
SBFL;SBGR;19:05;20:30;01:25;;
SBFL;SBGR;06:20;07:45;01:25;;
SBFL;SAEZ;13:20;15:40;02:20;;
SBFL;SBGR;10:10;11:35;01:25;;
SBFL;SAEZ;22:00;00:20;02:20;;
SBFL;SBGL;21:20;22:50;01:30;;
SBFL;SBGL;06:55;08:20;01:25;;
SBFL;SBGL;06:00;07:30;01:30;;
SBFL;SBGL;07:00;08:30;01:30;;
SBFL;SBGL;06:30;08:00;01:30;;
SBFL;SBSP;19:40;20:50;01:10;;
SBFL;SABE;17:10;19:30;02:20;;
SBFL;SBGR;06:15;07:40;01:25;;
SBFZ;KMIA;04:40;12:30;07:50;;
SBFZ;SBGL;11:40;15:00;03:20;;
SBFZ;SBGR;13:05;16:45;03:40;;
SBFZ;SBSP;14:15;18:00;03:45;;
SBFZ;SBGL;16:05;19:25;03:20;;
SBFZ;SBBR;17:20;20:05;02:45;;
SBFZ;SBGR;17:40;21:15;03:35;;
SBFZ;KMCO;04:30;12:05;07:35;;
SBFZ;SBSP;04:35;08:30;03:55;;
SBFZ;SBGR;04:40;08:15;03:35;;
SBFZ;SBSV;12:05;13:55;01:50;;
SBFZ;SBGR;12:55;16:30;03:35;;
SBFZ;SBGR;21:20;00:55;03:35;;
SBFZ;SBGR;04:35;08:10;03:35;;
SBFZ;SBSP;04:45;08:30;03:45;;
SBFZ;SBGR;12:15;15:45;03:30;;
SBFZ;SBGR;04:30;08:05;03:35;;
SBFZ;SBGR;12:45;16:25;03:40;;
SBFZ;SAEZ;13:40;19:25;05:45;;
SBFZ;SBGL;15:55;19:15;03:20;;
SBFZ;SBSP;16:55;20:40;03:45;;
SBFZ;SAEZ;17:45;23:30;05:45;;
SBFZ;SBCF;20:30;23:20;02:50;;
SBFZ;SBSP;04:00;07:50;03:50;;
SBFZ;SBSP;04:40;08:30;03:50;;
SBFZ;SBGR;12:30;16:10;03:40;;
SBFZ;SBSP;15:00;18:45;03:45;;
SBFZ;SBGR;17:30;21:05;03:35;;
SBFZ;SBBR;21:20;00:05;02:45;;
SBFZ;SBGL;10:15;13:35;03:20;;
SBFZ;SBGR;11:25;14:55;03:30;;
SBFZ;SBGR;12:30;15:55;03:25;;
SBFZ;SBGR;17:35;21:10;03:35;;
SBFZ;SBGR;13:10;16:50;03:40;;
SBFZ;SBGR;11:20;14:50;03:30;;
SBGL;SBNF;07:20;08:55;01:35;;
SBGL;SBSG;07:35;10:40;03:05;;
SBGL;SBFZ;07:45;11:00;03:15;;
SBGL;SBKP;07:45;08:55;01:10;;
SBGL;SBCF;07:50;09:00;01:10;;
SBGL;SBAR;08:00;10:20;02:20;;
SBGL;SBCF;08:30;09:40;01:10;;
SBGL;SBVT;10:55;12:05;01:10;;
SBGL;SBGR;11:30;12:35;01:05;;
SBGL;SBSV;11:30;13:30;02:00;;
SBGL;SBSG;11:45;14:50;03:05;;
SBGL;SBPA;12:10;14:20;02:10;;
SBGL;SBFZ;12:15;15:25;03:10;;
SBGL;SBSP;13:10;14:30;01:20;;
SBGL;SBMO;13:20;16:00;02:40;;
SBGL;SBNF;13:40;15:15;01:35;;
SBGL;SAEZ;14:10;17:40;03:30;;
SBGL;SBBR;14:35;16:30;01:55;;
SBGL;SBCF;14:40;15:50;01:10;;
SBGL;SBSV;14:45;16:50;02:05;;
SBGL;SBRF;15:15;18:05;02:50;;
SBGL;SBFL;15:20;17:00;01:40;;
SBGL;SBCT;15:55;17:25;01:30;;
SBGL;SBSV;16:05;18:10;02:05;;
SBGL;SBVT;16:35;17:45;01:10;;
SBGL;SBVT;17:45;18:55;01:10;;
SBGL;SBCF;18:05;19:10;01:05;;
SBGL;SBGR;18:15;19:30;01:15;;
SBGL;SBGR;19:30;20:50;01:20;;
SBGL;SBSP;20:20;21:40;01:20;;
SBGL;SBFI;21:00;23:20;02:20;;
SBGL;SBSV;21:00;23:05;02:05;;
SBGL;SBBR;21:05;22:50;01:45;;
SBGL;SBGR;21:20;22:35;01:15;;
SBGL;SBFL;21:35;23:15;01:40;;
SBGL;SBVT;21:35;22:45;01:10;;
SBGL;SBCT;21:50;23:25;01:35;;
SBGL;SBPA;22:45;01:00;02:15;;
SBGL;SBGR;06:20;07:35;01:15;;
SBGL;SBMO;06:30;09:00;02:30;;
SBGL;SBVT;07:00;08:10;01:10;;
SBGL;SBJP;07:20;10:20;03:00;;
SBGL;SBFL;07:30;09:10;01:40;;
SBGL;SBAR;07:45;10:05;02:20;;
SBGL;SBRF;08:05;10:55;02:50;;
SBGL;SBCT;08:30;10:05;01:35;;
SBGL;SBSV;08:45;10:50;02:05;;
SBGL;SBBR;08:50;10:40;01:50;;
SBGL;SBCF;09:00;10:10;01:10;;
SBGL;SBSP;09:00;10:15;01:15;;
SBGL;SBGR;11:25;12:35;01:10;;
SBGL;SBSV;11:30;13:35;02:05;;
SBGL;SBSP;12:55;14:15;01:20;;
SBGL;SBAR;13:40;16:00;02:20;;
SBGL;SBPA;14:20;16:30;02:10;;
SBGL;SBSJ;18:05;19:10;01:05;;
SBGL;SBGR;19:15;20:35;01:20;;
SBGL;SBFZ;21:00;00:15;03:15;;
SBGL;SBSV;22:45;00:50;02:05;;
SBGL;SBFI;07:55;10:10;02:15;;
SBGL;SBNF;08:00;09:40;01:40;;
SBGL;SBSV;08:10;10:15;02:05;;
SBGL;SBSG;13:40;16:45;03:05;;
SBGL;SBBR;21:05;22:45;01:40;;
SBGL;SBMO;06:10;08:45;02:35;;
SBGL;SBGR;06:35;07:55;01:20;;
SBGL;SBFL;07:35;09:15;01:40;;
SBGL;SBPA;07:45;09:45;02:00;;
SBGL;SBRF;07:50;10:40;02:50;;
SBGL;SBCF;08:05;09:15;01:10;;
SBGL;SBBR;08:25;10:15;01:50;;
SBGL;SBSV;08:45;10:40;01:55;;
SBGL;SBCF;09:10;10:20;01:10;;
SBGL;SBVT;11:30;12:40;01:10;;
SBGL;SBRF;12:00;14:50;02:50;;
SBGL;SBFZ;12:05;15:15;03:10;;
SBGL;SBSP;13:05;14:25;01:20;;
SBGL;SBKP;14:55;16:15;01:20;;
SBGL;SBRF;15:00;17:50;02:50;;
SBGL;SBCT;15:40;17:10;01:30;;
SBGL;SBSV;15:55;18:00;02:05;;
SBGL;SBVT;16:15;17:25;01:10;;
SBGL;SBPA;17:40;19:50;02:10;;
SBGL;SBGR;18:20;19:35;01:15;;
SBGL;SBNF;19:40;21:15;01:35;;
SBGL;SBCT;19:55;21:25;01:30;;
SBGL;SBGR;19:55;21:15;01:20;;
SBGL;SBSV;21:00;23:10;02:10;;
SBGL;SBBR;06:10;08:00;01:50;;
SBGL;SBGR;06:20;07:40;01:20;;
SBGL;SBFI;08:00;10:15;02:15;;
SBGL;SBSV;08:40;10:45;02:05;;
SBGL;SBGR;11:30;12:40;01:10;;
SBGL;SBGO;21:00;22:45;01:45;;
SBGL;SBGR;21:15;22:35;01:20;;
SBGL;SBFZ;06:20;09:35;03:15;;
SBGL;SBGR;06:25;07:45;01:20;;
SBGL;SBCF;08:25;09:35;01:10;;
SBGL;SBRF;14:25;17:15;02:50;;
SBGL;SBSV;14:55;17:00;02:05;;
SBGL;SBRF;15:25;18:15;02:50;;
SBGL;SBVT;17:55;19:05;01:10;;
SBGL;SBVT;22:35;23:45;01:10;;
SBGL;SBGR;06:25;07:40;01:15;;
SBGL;SBCF;07:00;08:10;01:10;;
SBGL;SBSP;12:40;14:00;01:20;;
SBGL;SBFI;14:20;16:40;02:20;;
SBGL;SBSV;14:50;16:55;02:05;;
SBGL;SBSV;08:40;10:40;02:00;;
SBGL;SBSV;22:50;00:55;02:05;;
SBGL;SBPA;21:40;23:55;02:15;;
SBGL;SBFI;11:45;14:05;02:20;;
SBGL;SBRF;15:10;18:00;02:50;;
SBGL;SBVT;21:40;22:50;01:10;;
SBGL;SBAR;08:10;10:30;02:20;;
SBGL;SBVT;21:45;22:55;01:10;;
SBGL;SBPA;07:50;09:45;01:55;;
SBGL;SBRF;14:30;17:20;02:50;;
SBGL;SBGR;21:25;22:35;01:10;;
SBGL;SBRF;21:40;00:35;02:55;;
SBGL;SBFI;14:35;16:55;02:20;;
SBGL;SBCF;08:15;09:25;01:10;;
SBGL;SBMO;06:25;09:00;02:35;;
SBGL;SBVT;11:35;12:45;01:10;;
SBGL;SBNF;13:45;15:20;01:35;;
SBGL;SBFL;19:15;20:55;01:40;;
SBGL;SBCT;21:30;23:05;01:35;;
SBGL;SBSG;13:45;16:50;03:05;;
SBGL;SBPA;14:15;16:30;02:15;;
SBGL;SBSV;08:20;10:25;02:05;;
SBGL;SBBR;19:50;21:30;01:40;;
SBGL;SBPA;21:00;23:10;02:10;;
SBGL;SBVT;15:25;16:35;01:10;;
SBGL;SBBR;09:20;11:10;01:50;;
SBGL;SBPA;20:00;22:10;02:10;;
SBGL;SBKP;07:45;09:00;01:15;;
SBGL;SBCF;06:25;07:35;01:10;;
SBGL;SBVT;16:45;17:55;01:10;;
SBGL;SBKP;08:00;09:15;01:15;;
SBGL;SBCT;08:25;10:00;01:35;;
SBGL;SBSV;11:45;13:50;02:05;;
SBGL;SAEZ;07:55;11:25;03:30;;
SBGL;SBBE;17:00;20:35;03:35;;
SBGO;SBSV;11:10;13:15;02:05;;
SBGO;SBGR;11:30;13:10;01:40;;
SBGO;SBSP;12:00;13:40;01:40;;
SBGO;SBSP;18:00;19:45;01:45;;
SBGO;SBSP;19:10;20:55;01:45;;
SBGO;SBGR;20:15;22:00;01:45;;
SBGO;SBGL;06:05;07:45;01:40;;
SBGO;SBGR;06:55;08:30;01:35;;
SBGO;SBSP;08:45;10:25;01:40;;
SBGO;SBSV;10:55;13:00;02:05;;
SBGO;SBSP;11:45;13:20;01:35;;
SBGO;SBGR;05:45;07:35;01:50;;
SBGO;SBGR;20:05;21:50;01:45;;
SBGO;SBSP;05:50;07:35;01:45;;
SBGO;SBGR;06:25;07:55;01:30;;
SBGO;SBSP;12:00;13:45;01:45;;
SBGO;SBSV;18:45;20:50;02:05;;
SBGO;SBGR;06:20;07:55;01:35;;
SBGO;SBBR;06:55;07:40;00:45;;
SBGO;SBGR;06:00;07:30;01:30;;
SBGO;SBCY;08:05;09:30;01:25;;
SBGO;SBGR;06:10;07:45;01:35;;
SBGO;SBGR;06:40;08:15;01:35;;
SBGO;SBBR;18:45;19:30;00:45;;
SBGO;SBSP;18:45;20:30;01:45;;
SBGO;SBSP;18:10;19:55;01:45;;
SBGO;SBSP;06:00;07:40;01:40;;
SBGO;SBGR;06:35;08:10;01:35;;
SBGR;SABE;07:45;10:40;02:55;;
SBGR;SBJE;08:40;12:10;03:30;;
SBGR;SBSI;08:50;11:35;02:45;;
SBGR;SBCA;09:05;10:45;01:40;;
SBGR;SUMU;09:20;12:10;02:50;;
SBGR;SGAS;09:25;11:40;02:15;;
SBGR;SABE;09:35;12:40;03:05;;
SBGR;SBJU;10:00;13:00;03:00;;
SBGR;SAEZ;12:55;16:05;03:10;;
SBGR;SBEG;13:05;17:05;04:00;;
SBGR;SBCF;13:10;14:25;01:15;;
SBGR;SBFZ;13:30;17:00;03:30;;
SBGR;SBJP;13:30;16:50;03:20;;
SBGR;SBMO;13:50;16:45;02:55;;
SBGR;SBAR;14:10;16:50;02:40;;
SBGR;SBGL;14:10;15:15;01:05;;
SBGR;SBRF;14:10;17:20;03:10;;
SBGR;SABE;14:15;17:15;03:00;;
SBGR;SBSG;14:15;17:40;03:25;;
SBGR;SBPA;14:50;16:35;01:45;;
SBGR;TNCA;15:30;22:00;06:30;;
SBGR;SBIL;15:35;17:40;02:05;;
SBGR;MDPC;15:40;22:50;07:10;;
SBGR;SBBR;15:50;17:40;01:50;;
SBGR;SBPK;16:15;18:25;02:10;;
SBGR;SBVT;16:40;18:05;01:25;;
SBGR;SBCT;16:50;17:55;01:05;;
SBGR;SBFI;16:55;18:45;01:50;;
SBGR;SBGO;17:10;18:50;01:40;;
SBGR;SBCF;17:15;18:35;01:20;;
SBGR;SBFL;17:30;18:50;01:20;;
SBGR;SBGL;17:40;18:50;01:10;;
SBGR;SBFZ;17:50;21:15;03:25;;
SBGR;SBPA;17:55;19:40;01:45;;
SBGR;SBFI;20:45;22:35;01:50;;
SBGR;SBCY;21:00;23:25;02:25;;
SBGR;SBGO;21:10;22:50;01:40;;
SBGR;SBMG;21:25;22:55;01:30;;
SBGR;SBTE;21:25;00:35;03:10;;
SBGR;SBJU;21:30;00:30;03:00;;
SBGR;SBVC;21:35;23:30;01:55;;
SBGR;SBCF;21:40;23:00;01:20;;
SBGR;SBNF;21:40;22:55;01:15;;
SBGR;SBGL;21:45;22:50;01:05;;
SBGR;SBBR;21:50;23:35;01:45;;
SBGR;SBMO;21:55;00:55;03:00;;
SBGR;SBSV;22:00;00:35;02:35;;
SBGR;SBFL;22:25;23:45;01:20;;
SBGR;SBPA;22:30;00:30;02:00;;
SBGR;SBBR;06:00;07:50;01:50;;
SBGR;SBJP;06:50;10:10;03:20;;
SBGR;SBRF;08:35;11:45;03:10;;
SBGR;SBFZ;08:40;12:05;03:25;;
SBGR;SBJE;08:40;12:00;03:20;;
SBGR;SBVT;08:55;10:25;01:30;;
SBGR;SBBR;09:00;10:45;01:45;;
SBGR;SBCF;09:00;10:15;01:15;;
SBGR;SBPA;09:00;10:50;01:50;;
SBGR;SBFI;09:05;10:55;01:50;;
SBGR;SBFL;09:10;10:30;01:20;;
SBGR;SBGO;09:10;10:50;01:40;;
SBGR;SBSV;09:10;11:30;02:20;;
SBGR;SBEG;09:15;13:20;04:05;;
SBGR;SBIL;09:15;11:15;02:00;;
SBGR;SBCT;09:20;10:25;01:05;;
SBGR;SBGL;09:20;10:25;01:05;;
SBGR;SAME;09:25;13:30;04:05;;
SBGR;SBMO;09:25;12:15;02:50;;
SBGR;SBPS;09:35;11:30;01:55;;
SBGR;SBAR;10:00;12:40;02:40;;
SBGR;MROC;13:55;21:25;07:30;;
SBGR;SBRF;14:00;17:20;03:20;;
SBGR;SBMO;14:05;16:55;02:50;;
SBGR;SGAS;14:35;16:45;02:10;;
SBGR;SBGL;14:50;15:55;01:05;;
SBGR;SBVT;15:55;17:20;01:25;;
SBGR;SBSL;16:00;19:30;03:30;;
SBGR;SBPS;16:05;18:00;01:55;;
SBGR;SBNM;16:55;18:55;02:00;;
SBGR;SBFZ;17:10;20:40;03:30;;
SBGR;SBGL;17:25;18:35;01:10;;
SBGR;SBFL;17:35;18:55;01:20;;
SBGR;SBCG;18:45;20:35;01:50;;
SBGR;SBGL;21:15;22:20;01:05;;
SBGR;SBSG;21:35;01:00;03:25;;
SBGR;SBJP;21:45;01:00;03:15;;
SBGR;SBCY;21:50;00:15;02:25;;
SBGR;SBFL;21:50;23:10;01:20;;
SBGR;SBSV;22:05;00:35;02:30;;
SBGR;SBPA;22:10;00:05;01:55;;
SBGR;SBFI;22:15;00:05;01:50;;
SBGR;SBGO;22:35;00:15;01:40;;
SBGR;SBCG;23:00;00:50;01:50;;
SBGR;SBRF;05:35;08:35;03:00;;
SBGR;SBVT;06:20;07:45;01:25;;
SBGR;SBBR;06:55;08:45;01:50;;
SBGR;SBIL;09:00;11:00;02:00;;
SBGR;SBMO;09:15;12:10;02:55;;
SBGR;SBCG;09:40;11:30;01:50;;
SBGR;SAME;09:50;13:55;04:05;;
SBGR;SAEZ;12:45;15:55;03:10;;
SBGR;SBJP;13:40;16:55;03:15;;
SBGR;SBMO;15:25;18:25;03:00;;
SBGR;SBBE;16:05;19:30;03:25;;
SBGR;SBCF;16:50;18:10;01:20;;
SBGR;SBNF;17:05;18:15;01:10;;
SBGR;SBFL;22:35;23:55;01:20;;
SBGR;SBVT;06:20;07:50;01:30;;
SBGR;SABE;07:40;10:40;03:00;;
SBGR;SBSV;08:25;10:40;02:15;;
SBGR;SBJE;08:35;12:00;03:25;;
SBGR;SBPL;08:40;11:20;02:40;;
SBGR;SBRF;08:45;11:55;03:10;;
SBGR;SBSV;08:55;11:15;02:20;;
SBGR;SBJU;09:00;11:50;02:50;;
SBGR;SBPA;09:05;10:55;01:50;;
SBGR;SBIL;09:10;11:15;02:05;;
SBGR;SBVT;09:10;10:40;01:30;;
SBGR;SBAR;09:15;11:55;02:40;;
SBGR;SBEG;09:20;13:25;04:05;;
SBGR;SBFL;09:20;10:40;01:20;;
SBGR;SBCT;09:25;10:30;01:05;;
SBGR;SABE;09:30;12:40;03:10;;
SBGR;TFFF;11:30;17:30;06:00;;
SBGR;SBJP;13:35;16:50;03:15;;
SBGR;SBMO;14:00;16:55;02:55;;
SBGR;SABE;14:10;17:20;03:10;;
SBGR;SBSG;14:10;17:35;03:25;;
SBGR;SBAR;14:15;16:55;02:40;;
SBGR;SBRF;14:15;17:25;03:10;;
SBGR;SBEG;15:00;19:05;04:05;;
SBGR;SBIL;15:10;17:15;02:05;;
SBGR;SBRF;16:15;19:25;03:10;;
SBGR;SBNM;16:50;18:50;02:00;;
SBGR;SBPA;16:55;18:40;01:45;;
SBGR;SBCT;17:20;18:30;01:10;;
SBGR;SBNF;17:25;18:40;01:15;;
SBGR;SBFL;17:55;19:15;01:20;;
SBGR;SBCG;18:00;19:40;01:40;;
SBGR;SBCG;21:10;23:05;01:55;;
SBGR;SBMG;21:20;22:50;01:30;;
SBGR;SBRF;21:20;00:30;03:10;;
SBGR;SBJU;21:25;00:25;03:00;;
SBGR;SBFL;21:40;23:00;01:20;;
SBGR;SBJP;21:40;00:55;03:15;;
SBGR;SBBR;21:55;23:40;01:45;;
SBGR;SBCY;22:10;00:35;02:25;;
SBGR;SBPA;22:15;00:05;01:50;;
SBGR;SBGO;23:15;00:55;01:40;;
SBGR;SBCF;23:30;00:50;01:20;;
SBGR;SBRF;05:20;08:30;03:10;;
SBGR;SBSV;06:55;09:20;02:25;;
SBGR;SABE;07:35;10:40;03:05;;
SBGR;SBFZ;08:25;11:50;03:25;;
SBGR;SBSV;08:40;11:00;02:20;;
SBGR;SBVT;09:00;10:30;01:30;;
SBGR;SBCG;09:15;11:05;01:50;;
SBGR;SBEG;09:15;13:15;04:00;;
SBGR;SBAR;09:20;12:00;02:40;;
SBGR;SAME;10:55;15:00;04:05;;
SBGR;SBSI;13:15;16:00;02:45;;
SBGR;SBFZ;13:20;16:50;03:30;;
SBGR;SBJP;13:40;17:00;03:20;;
SBGR;SBNF;13:50;15:05;01:15;;
SBGR;SBAR;14:20;17:00;02:40;;
SBGR;SBMO;15:25;18:20;02:55;;
SBGR;SBPS;15:30;17:30;02:00;;
SBGR;SBCT;16:15;17:20;01:05;;
SBGR;SBFL;17:10;18:30;01:20;;
SBGR;SBVT;17:15;18:50;01:35;;
SBGR;SBGO;17:40;19:20;01:40;;
SBGR;SBGL;17:45;18:50;01:05;;
SBGR;SBRF;17:55;21:00;03:05;;
SBGR;SBJU;21:10;00:10;03:00;;
SBGR;SBJP;21:30;00:45;03:15;;
SBGR;SBCY;21:40;00:05;02:25;;
SBGR;SBCF;21:45;23:05;01:20;;
SBGR;SBCG;21:55;23:45;01:50;;
SBGR;SBPA;22:00;23:55;01:55;;
SBGR;SBGL;22:05;23:10;01:05;;
SBGR;SBSV;22:10;00:40;02:30;;
SBGR;SBFL;22:30;23:50;01:20;;
SBGR;SBGO;23:10;00:50;01:40;;
SBGR;SBRF;05:30;08:30;03:00;;
SBGR;SBSV;08:15;10:30;02:15;;
SBGR;SBJE;08:40;12:05;03:25;;
SBGR;SBIL;08:50;11:00;02:10;;
SBGR;SBSV;20:45;23:10;02:25;;
SBGR;SBPA;22:05;00:05;02:00;;
SBGR;SBFZ;13:25;16:55;03:30;;
SBGR;SBFL;16:55;18:15;01:20;;
SBGR;SBGO;22:25;00:05;01:40;;
SBGR;SBCG;22:45;00:40;01:55;;
SBGR;SBSV;08:20;10:40;02:20;;
SBGR;SBSG;08:40;12:00;03:20;;
SBGR;SBIL;09:15;11:00;01:45;;
SBGR;SBMO;09:15;12:05;02:50;;
SBGR;SBCF;14:10;15:25;01:15;;
SBGR;SBRF;15:45;18:55;03:10;;
SBGR;SBBE;16:00;19:30;03:30;;
SBGR;SBCF;17:15;18:30;01:15;;
SBGR;SBCG;18:50;20:35;01:45;;
SBGR;SBGO;21:50;23:30;01:40;;
SBGR;SBPL;21:55;00:35;02:40;;
SBGR;SBPA;22:10;23:55;01:45;;
SBGR;SBCF;08:15;09:30;01:15;;
SBGR;SBCY;21:55;00:20;02:25;;
SBGR;SBSG;08:20;11:40;03:20;;
SBGR;SBCF;08:35;09:50;01:15;;
SBGR;SBFZ;17:55;21:25;03:30;;
SBGR;SBCG;18:05;19:45;01:40;;
SBGR;SBSV;22:10;00:45;02:35;;
SBGR;SBCG;22:25;00:20;01:55;;
SBGR;SBFL;08:15;09:30;01:15;;
SBGR;SBSG;08:25;11:45;03:20;;
SBGR;SBCG;19:00;20:50;01:50;;
SBGR;SBPA;22:25;00:30;02:05;;
SBGR;SBFL;23:20;00:40;01:20;;
SBGR;SLVR;09:30;12:35;03:05;;
SBGR;SBRF;14:50;18:00;03:10;;
SBGR;SBNF;17:35;18:50;01:15;;
SBGR;SBPA;08:50;10:40;01:50;;
SBGR;SBCF;10:00;11:30;01:30;;
SBGR;SBNF;17:00;18:15;01:15;;
SBGR;SBFI;17:40;19:30;01:50;;
SBGR;SBGL;17:45;18:55;01:10;;
SBGR;SBCY;09:30;11:40;02:10;;
SBGR;SBPA;21:10;23:10;02:00;;
SBGR;SBBR;15:35;17:25;01:50;;
SBGR;SBIL;15:50;17:40;01:50;;
SBGR;SBGO;22:50;00:30;01:40;;
SBGR;SBSV;07:45;10:00;02:15;;
SBGR;SBCT;08:15;09:20;01:05;;
SBGR;SBCY;08:50;11:05;02:15;;
SBGR;SBPA;08:55;10:45;01:50;;
SBGR;SBCY;08:55;11:10;02:15;;
SBGR;SBSV;15:00;17:20;02:20;;
SBGR;SBTE;17:35;20:40;03:05;;
SBGR;SBFI;17:45;19:35;01:50;;
SBGR;SBCG;22:40;00:35;01:55;;
SBGR;SBRF;04:30;07:30;03:00;;
SBGR;SBSV;14:50;17:15;02:25;;
SBGR;SBCT;08:10;09:15;01:05;;
SBGR;SBCG;22:55;00:50;01:55;;
SBGR;SBCT;22:05;23:10;01:05;;
SBGR;SBCG;22:50;00:45;01:55;;
SBIL;SBSP;16:50;19:15;02:25;;
SBIL;SBGR;18:20;20:35;02:15;;
SBIL;SBGR;11:55;13:50;01:55;;
SBIL;SBSP;17:00;19:25;02:25;;
SBIL;SBGR;18:20;20:25;02:05;;
SBIL;SBGR;11:45;13:50;02:05;;
SBIL;SBGR;17:55;20:10;02:15;;
SBIL;SBSP;19:55;22:10;02:15;;
SBIL;SBSP;17:10;19:30;02:20;;
SBIL;SBGR;17:55;20:15;02:20;;
SBIL;SBGR;11:45;14:00;02:15;;
SBIL;SBGR;11:55;13:55;02:00;;
SBIL;SBGR;11:45;13:55;02:10;;
SBJE;SBGR;13:00;16:35;03:35;;
SBJE;SBGR;12:40;16:15;03:35;;
SBJE;SBGR;13:00;16:45;03:45;;
SBJE;SBGR;12:40;16:25;03:45;;
SBJE;SBGR;12:40;16:20;03:40;;
SBJP;SBBR;17:15;20:00;02:45;;
SBJP;SBSP;04:40;08:10;03:30;;
SBJP;SBGR;05:00;08:20;03:20;;
SBJP;SBGL;11:00;14:05;03:05;;
SBJP;SBGR;11:00;14:30;03:30;;
SBJP;SBSV;12:30;14:05;01:35;;
SBJP;SBGR;19:00;22:15;03:15;;
SBJP;SBGR;04:50;08:10;03:20;;
SBJP;SBSV;12:20;13:50;01:30;;
SBJP;SBSP;18:00;21:30;03:30;;
SBJP;SAEZ;03:05;08:45;05:40;;
SBJP;SBBR;05:00;07:45;02:45;;
SBJP;SBGR;04:55;08:15;03:20;;
SBJP;SBGR;17:30;21:00;03:30;;
SBJP;SBGR;17:40;21:10;03:30;;
SBJU;SBGR;13:50;17:00;03:10;;
SBJU;SBGR;12:35;15:45;03:10;;
SBJU;SBGR;13:40;16:50;03:10;;
SBJV;SBSP;13:35;14:45;01:10;;
SBJV;SBSP;13:30;14:30;01:00;;
SBJV;SBSP;13:40;14:50;01:10;;
SBKP;SBGL;09:35;10:45;01:10;;
SBKP;SBBR;06:00;07:40;01:40;;
SBKP;SBGL;09:40;10:50;01:10;;
SBKP;SBGL;23:10;00:25;01:15;;
SBKP;SBGL;09:55;11:05;01:10;;
SBLO;SBSP;14:25;15:40;01:15;;
SBLO;SBSP;13:00;14:15;01:15;;
SBMG;SBSP;15:00;16:25;01:25;;
SBMG;SBGR;06:55;08:25;01:30;;
SBMG;SBGR;06:55;08:30;01:35;;
SBMG;SBGR;06:55;08:20;01:25;;
SBMG;SBSP;15:10;16:35;01:25;;
SBMG;SBGR;06:10;07:50;01:40;;
SBMG;SBGR;06:45;08:15;01:30;;
SBMG;SBCT;23:50;00:45;00:55;;
SBMK;SBSP;19:00;20:40;01:40;;
SBMK;SBSP;19:00;20:30;01:30;;
SBMO;SBSP;09:40;12:35;02:55;;
SBMO;SBGR;12:55;16:00;03:05;;
SBMO;SBGL;16:40;19:15;02:35;;
SBMO;SBGR;16:50;20:00;03:10;;
SBMO;SBBR;17:45;20:10;02:25;;
SBMO;SBSP;18:40;21:50;03:10;;
SBMO;SBGR;04:45;07:50;03:05;;
SBMO;SBGR;05:15;08:15;03:00;;
SBMO;SBSV;07:20;08:30;01:10;;
SBMO;SBSV;12:20;13:30;01:10;;
SBMO;SBGR;17:05;20:10;03:05;;
SBMO;SBGR;12:50;15:50;03:00;;
SBMO;SBBR;18:30;20:50;02:20;;
SBMO;SBGR;20:25;23:25;03:00;;
SBMO;SBSP;05:05;08:00;02:55;;
SBMO;SBSV;12:30;13:40;01:10;;
SBMO;SBGR;12:50;15:55;03:05;;
SBMO;SBSP;13:05;16:05;03:00;;
SBMO;SBBR;13:30;16:00;02:30;;
SBMO;SAEZ;16:30;21:50;05:20;;
SBMO;SBGL;16:55;19:30;02:35;;
SBMO;SBBR;17:05;19:30;02:25;;
SBMO;SBGR;17:35;20:40;03:05;;
SBMO;SBCF;20:00;22:20;02:20;;
SBMO;SBBR;05:15;07:40;02:25;;
SBMO;SBCF;15:30;17:50;02:20;;
SBMO;SBBR;16:55;19:20;02:25;;
SBMO;SBSP;05:10;08:05;02:55;;
SBMO;SBBR;17:35;20:00;02:25;;
SBMO;SBSV;12:20;13:25;01:05;;
SBMO;SBGR;04:45;07:45;03:00;;
SBMO;SBGL;19:20;22:00;02:40;;
SBMO;SBGL;18:20;21:00;02:40;;
SBMO;SBCF;22:10;00:30;02:20;;
SBMO;SBGR;17:35;20:35;03:00;;
SBMQ;SBBE;15:05;16:10;01:05;;
SBNF;SBGL;09:35;11:00;01:25;;
SBNF;SBSP;12:10;13:20;01:10;;
SBNF;SBSP;15:30;16:35;01:05;;
SBNF;SBGL;16:00;17:25;01:25;;
SBNF;SBSP;18:05;19:15;01:10;;
SBNF;SBGR;19:10;20:30;01:20;;
SBNF;SBSP;19:20;20:30;01:10;;
SBNF;SBSP;09:00;10:10;01:10;;
SBNF;SBGL;10:35;12:00;01:25;;
SBNF;SBGR;19:00;20:15;01:15;;
SBNF;SBSP;19:30;20:30;01:00;;
SBNF;SBGL;10:20;11:45;01:25;;
SBNF;SBSP;15:35;16:45;01:10;;
SBNF;SBSP;16:30;17:45;01:15;;
SBNF;SBGR;19:15;20:35;01:20;;
SBNF;SBSP;12:05;13:15;01:10;;
SBNF;SBGR;19:35;21:00;01:25;;
SBNF;SBGL;20:10;21:35;01:25;;
SBNF;SBSP;08:50;10:05;01:15;;
SBNF;SBSP;14:35;15:45;01:10;;
SBNF;SBSP;15:35;16:50;01:15;;
SBNF;SBSP;16:35;17:50;01:15;;
SBNF;SBGR;19:05;20:25;01:20;;
SBNF;SBGL;15:55;17:20;01:25;;
SBNF;SBGL;20:00;21:25;01:25;;
SBNF;SBGR;15:50;17:05;01:15;;
SBNF;SBSP;12:05;13:20;01:15;;
SBNF;SBSP;19:40;20:40;01:00;;
SBNF;SBGR;06:15;07:40;01:25;;
SBNF;SBSP;15:40;16:50;01:10;;
SBNF;SBGR;06:00;07:30;01:30;;
SBNM;SBGR;20:05;21:55;01:50;;
SBNM;SBGR;20:00;21:50;01:50;;
SBNM;SBGR;19:45;21:45;02:00;;
SBPA;SBGL;10:25;12:20;01:55;;
SBPA;SBGR;11:30;13:20;01:50;;
SBPA;SBSP;12:15;13:55;01:40;;
SBPA;SBSP;15:20;17:00;01:40;;
SBPA;SBGR;16:35;18:25;01:50;;
SBPA;SBBR;17:15;19:45;02:30;;
SBPA;SBGR;19:20;21:10;01:50;;
SBPA;SBSP;20:30;22:10;01:40;;
SBPA;SBGL;20:50;22:50;02:00;;
SBPA;SBGL;23:00;00:55;01:55;;
SBPA;SBBR;05:30;08:00;02:30;;
SBPA;SBGR;06:10;08:00;01:50;;
SBPA;SBSP;08:00;09:35;01:35;;
SBPA;SBSP;15:20;17:05;01:45;;
SBPA;SBSP;18:05;19:45;01:40;;
SBPA;SBGR;11:35;13:25;01:50;;
SBPA;SBSP;13:20;15:00;01:40;;
SBPA;SBGR;16:30;18:20;01:50;;
SBPA;SBGL;20:30;22:30;02:00;;
SBPA;SBSP;08:00;09:30;01:30;;
SBPA;SBSP;12:10;13:50;01:40;;
SBPA;SBSP;16:15;17:55;01:40;;
SBPA;SBSP;18:15;19:55;01:40;;
SBPA;SBGR;19:35;21:25;01:50;;
SBPA;SBGR;10:30;12:00;01:30;;
SBPA;SBSP;15:00;16:40;01:40;;
SBPA;SBSP;10:30;12:20;01:50;;
SBPA;SBSP;13:15;14:55;01:40;;
SBPA;SBSP;10:40;12:20;01:40;;
SBPA;SBGL;22:00;23:55;01:55;;
SBPA;SBSP;10:10;11:50;01:40;;
SBPA;SBGR;18:15;20:05;01:50;;
SBPA;SBSP;07:55;09:35;01:40;;
SBPA;SBSP;11:35;13:15;01:40;;
SBPA;SBSP;12:40;14:20;01:40;;
SBPA;SBSP;07:50;09:30;01:40;;
SBPA;SBGL;17:10;19:10;02:00;;
SBPA;SBSP;18:00;19:40;01:40;;
SBPF;SBSP;16:00;17:40;01:40;;
SBPF;SBSP;13:15;14:55;01:40;;
SBPJ;SBBR;06:35;07:55;01:20;;
SBPK;SBGR;19:05;21:30;02:25;;
SBPK;SBGR;19:05;21:20;02:15;;
SBPK;SBGR;19:20;21:45;02:25;;
SBPL;SBGR;09:00;11:50;02:50;;
SBPL;SBGR;12:00;14:50;02:50;;
SBPS;SBCF;13:00;14:25;01:25;;
SBPS;SBSP;13:00;15:05;02:05;;
SBPS;SBRJ;13:25;14:55;01:30;;
SBPS;SBCF;14:00;15:25;01:25;;
SBPS;SBSP;16:30;18:40;02:10;;
SBPS;SBGR;18:30;20:30;02:00;;
SBPS;SBSP;09:30;11:40;02:10;;
SBPS;SBGR;12:00;14:00;02:00;;
SBPS;SBRP;13:00;14:50;01:50;;
SBPS;SBSV;13:00;14:00;01:00;;
SBPS;SBSP;13:30;15:45;02:15;;
SBPS;SBCF;14:30;15:55;01:25;;
SBPS;SBVT;17:00;18:10;01:10;;
SBPS;SBCF;18:00;19:20;01:20;;
SBPS;SBGR;18:30;20:35;02:05;;
SBPS;SBSP;08:30;10:50;02:20;;
SBPS;SBCF;10:00;11:25;01:25;;
SBPS;SBCF;10:30;11:50;01:20;;
SBPS;SBCF;14:00;15:20;01:20;;
SBPS;SBSP;16:30;18:45;02:15;;
SBPS;SBGR;18:00;20:05;02:05;;
SBPS;SBCF;22:45;00:10;01:25;;
SBPS;SBSP;09:30;11:50;02:20;;
SBPS;SBSP;13:00;14:50;01:50;;
SBPS;SBSV;13:00;14:05;01:05;;
SBPS;SBRJ;16:00;17:30;01:30;;
SBPS;SBCF;21:05;22:30;01:25;;
SBPV;SBBR;04:35;07:30;02:55;;
SBRB;SBCZ;12:45;14:00;01:15;;
SBRB;SBEG;12:45;14:40;01:55;;
SBRB;SBBR;16:40;20:05;03:25;;
SBRB;SBEG;13:15;15:10;01:55;;
SBRF;SBBR;09:45;12:30;02:45;;
SBRF;SBSP;11:20;14:45;03:25;;
SBRF;SBGL;11:35;14:35;03:00;;
SBRF;SBGR;12:30;15:40;03:10;;
SBRF;SBSP;13:00;16:25;03:25;;
SBRF;SBBR;17:05;19:50;02:45;;
SBRF;SBGR;18:05;21:20;03:15;;
SBRF;SBGL;18:45;21:45;03:00;;
SBRF;SBSP;19:00;22:25;03:25;;
SBRF;SBGR;19:40;23:05;03:25;;
SBRF;SBBR;05:00;07:40;02:40;;
SBRF;SBSP;06:25;09:50;03:25;;
SBRF;SBSV;12:30;13:55;01:25;;
SBRF;SBGR;18:00;21:15;03:15;;
SBRF;SBTE;18:20;20:00;01:40;;
SBRF;SBGR;10:30;13:40;03:10;;
SBRF;SBSP;11:10;14:35;03:25;;
SBRF;SBGR;12:30;15:50;03:20;;
SBRF;SBGR;10:10;13:20;03:10;;
SBRF;SABE;11:05;16:40;05:35;;
SBRF;SBGL;11:20;14:20;03:00;;
SBRF;SBGR;12:40;16:00;03:20;;
SBRF;SBSP;14:10;17:35;03:25;;
SBRF;SBGL;15:30;18:30;03:00;;
SBRF;SBGL;18:30;21:30;03:00;;
SBRF;SBGR;18:50;22:05;03:15;;
SBRF;SBGR;19:10;22:35;03:25;;
SBRF;SBGR;20:10;23:35;03:25;;
SBRF;SBGR;05:00;08:15;03:15;;
SBRF;SBSP;06:20;09:45;03:25;;
SBRF;SAEZ;06:35;12:15;05:40;;
SBRF;SBSP;09:00;12:25;03:25;;
SBRF;SBSP;09:30;12:55;03:25;;
SBRF;SBSP;12:55;16:20;03:25;;
SBRF;SBGR;18:05;21:30;03:25;;
SBRF;SBSP;18:55;22:20;03:25;;
SBRF;SBGR;21:40;00:55;03:15;;
SBRF;SBGR;10:15;13:25;03:10;;
SBRF;SBBR;17:00;19:45;02:45;;
SBRF;SBGL;18:05;21:05;03:00;;
SBRF;SBGR;18:35;21:50;03:15;;
SBRF;SBSP;05:30;09:00;03:30;;
SBRF;SBGR;05:35;08:50;03:15;;
SBRF;SBGL;18:00;21:00;03:00;;
SBRF;SBGL;18:55;21:55;03:00;;
SBRF;SBSV;12:25;13:55;01:30;;
SBRF;SBGR;04:30;07:45;03:15;;
SBRF;SBGL;18:40;21:40;03:00;;
SBRF;SBFZ;08:30;09:40;01:10;;
SBRJ;SBSP;08:25;09:30;01:05;;
SBRJ;SBSP;08:55;10:00;01:05;;
SBRJ;SBSP;09:30;10:35;01:05;;
SBRJ;SBBR;09:35;11:25;01:50;;
SBRJ;SBSP;09:55;11:00;01:05;;
SBRJ;SBSP;10:30;11:35;01:05;;
SBRJ;SBSP;11:10;12:15;01:05;;
SBRJ;SBPS;11:25;12:55;01:30;;
SBRJ;SBSP;11:50;12:55;01:05;;
SBRJ;SBSP;13:30;14:40;01:10;;
SBRJ;SBBR;15:00;16:50;01:50;;
SBRJ;SBSP;15:50;16:55;01:05;;
SBRJ;SBSP;16:25;17:35;01:10;;
SBRJ;SBSP;16:55;18:10;01:15;;
SBRJ;SBSP;17:30;18:40;01:10;;
SBRJ;SBBR;17:40;19:35;01:55;;
SBRJ;SBSP;18:05;19:10;01:05;;
SBRJ;SBSP;18:45;19:55;01:10;;
SBRJ;SBSP;19:20;20:25;01:05;;
SBRJ;SBSP;20:15;21:20;01:05;;
SBRJ;SBBR;20:30;22:25;01:55;;
SBRJ;SBSV;21:00;23:00;02:00;;
SBRJ;SBPS;21:50;23:20;01:30;;
SBRJ;SBBR;06:00;07:55;01:55;;
SBRJ;SBSP;07:45;08:50;01:05;;
SBRJ;SBSP;12:35;13:40;01:05;;
SBRJ;SBSP;13:05;14:10;01:05;;
SBRJ;SBSP;14:15;15:20;01:05;;
SBRJ;SBSP;15:45;16:55;01:10;;
SBRJ;SBSP;06:55;08:00;01:05;;
SBRJ;SBSP;08:20;09:30;01:10;;
SBRJ;SBSP;11:10;12:20;01:10;;
SBRJ;SBSP;11:45;12:50;01:05;;
SBRJ;SBPS;14:00;15:30;01:30;;
SBRJ;SBSP;14:00;15:05;01:05;;
SBRJ;SBSP;18:10;19:15;01:05;;
SBRJ;SBSP;13:20;14:30;01:10;;
SBRJ;SBSP;14:50;16:00;01:10;;
SBRJ;SBSP;15:45;16:50;01:05;;
SBRJ;SBSP;16:30;17:40;01:10;;
SBRJ;SBSP;16:55;18:05;01:10;;
SBRJ;SBBR;18:10;20:05;01:55;;
SBRJ;SBSP;19:25;20:30;01:05;;
SBRJ;SBSV;21:50;23:55;02:05;;
SBRJ;SBSV;21:05;23:00;01:55;;
SBRJ;SBSP;08:10;09:20;01:10;;
SBRJ;SBSP;18:30;19:40;01:10;;
SBRJ;SBSP;18:40;19:50;01:10;;
SBRJ;SBSP;09:45;10:50;01:05;;
SBRJ;SBSP;14:45;15:55;01:10;;
SBRP;SBSP;13:20;14:20;01:00;;
SBRP;SBSP;12:55;13:55;01:00;;
SBRP;SBPS;15:50;17:30;01:40;;
SBRP;SBSP;12:45;13:45;01:00;;
SBSG;SBGL;11:20;14:35;03:15;;
SBSG;SBGR;12:45;16:15;03:30;;
SBSG;SAEZ;15:50;21:40;05:50;;
SBSG;SBBR;17:10;20:00;02:50;;
SBSG;SBGR;04:50;08:10;03:20;;
SBSG;SBSP;04:50;08:20;03:30;;
SBSG;SBSV;12:05;13:45;01:40;;
SBSG;SBBR;17:10;19:55;02:45;;
SBSG;SBGR;18:25;22:05;03:40;;
SBSG;SBGL;17:30;20:45;03:15;;
SBSG;SAEZ;03:40;09:30;05:50;;
SBSG;SBGR;05:00;08:20;03:20;;
SBSG;SBGR;12:30;16:05;03:35;;
SBSG;SABE;13:40;19:20;05:40;;
SBSG;SBSP;16:35;20:05;03:30;;
SBSG;SBSP;18:15;21:45;03:30;;
SBSG;SBBR;04:45;07:35;02:50;;
SBSG;SBGR;05:10;08:30;03:20;;
SBSG;SBGL;06:45;10:00;03:15;;
SBSG;SBGR;12:20;15:50;03:30;;
SBSG;SBGR;12:40;16:10;03:30;;
SBSG;SBGR;05:05;08:25;03:20;;
SBSG;SBGR;12:35;16:05;03:30;;
SBSG;SBGR;04:55;08:15;03:20;;
SBSG;SBGR;18:40;22:20;03:40;;
SBSG;SBGR;18:20;22:05;03:45;;
SBSI;SBGR;12:20;15:00;02:40;;
SBSI;SBGR;12:15;14:55;02:40;;
SBSI;SBGR;16:45;19:25;02:40;;
SBSI;SBGR;12:25;14:55;02:30;;
SBSI;SBGR;12:30;15:00;02:30;;
SBSJ;SBGL;19:50;20:55;01:05;;
SBSL;SBBR;17:35;20:05;02:30;;
SBSL;SBSV;11:45;14:00;02:15;;
SBSL;SBGR;18:30;21:55;03:25;;
SBSL;SBBE;20:30;21:35;01:05;;
SBSL;SBSV;11:50;14:05;02:15;;
SBSN;SBEG;14:45;16:05;01:20;;
SBSN;SBEG;14:35;15:55;01:20;;
SBSP;SBRJ;08:00;09:05;01:05;;
SBSP;SBRF;09:00;12:15;03:15;;
SBSP;SBBR;09:30;11:20;01:50;;
SBSP;SBCF;09:55;11:20;01:25;;
SBSP;SBRJ;10:00;11:05;01:05;;
SBSP;SBFZ;10:05;13:35;03:30;;
SBSP;SBFL;10:15;11:30;01:15;;
SBSP;SBPS;10:30;12:30;02:00;;
SBSP;SBCG;10:45;12:35;01:50;;
SBSP;SBRJ;10:45;11:50;01:05;;
SBSP;SBSV;11:05;13:35;02:30;;
SBSP;SBZM;11:10;12:25;01:15;;
SBSP;SBFI;11:20;13:10;01:50;;
SBSP;SBRP;11:25;12:35;01:10;;
SBSP;SBCX;11:30;13:10;01:40;;
SBSP;SBAU;11:40;13:00;01:20;;
SBSP;SBRJ;11:45;12:50;01:05;;
SBSP;SBJV;11:50;12:55;01:05;;
SBSP;SBCF;11:55;13:20;01:25;;
SBSP;SBRJ;12:15;13:20;01:05;;
SBSP;SBLO;12:25;13:45;01:20;;
SBSP;SBDN;12:30;13:50;01:20;;
SBSP;SBMG;12:55;14:20;01:25;;
SBSP;SBCH;13:00;14:35;01:35;;
SBSP;SBUL;13:05;14:20;01:15;;
SBSP;SBCG;13:10;15:05;01:55;;
SBSP;SBVT;13:15;14:55;01:40;;
SBSP;SBFL;13:30;14:50;01:20;;
SBSP;SBNF;13:45;14:50;01:05;;
SBSP;SBIL;13:55;16:10;02:15;;
SBSP;SBPA;14:00;15:50;01:50;;
SBSP;SBRJ;14:00;15:05;01:05;;
SBSP;SBSR;14:05;15:20;01:15;;
SBSP;SBSV;14:15;16:35;02:20;;
SBSP;SBMO;14:30;17:30;03:00;;
SBSP;SBRJ;14:40;15:45;01:05;;
SBSP;SBRF;14:50;18:05;03:15;;
SBSP;SBFL;14:55;16:10;01:15;;
SBSP;SBRJ;15:10;16:15;01:05;;
SBSP;SBPA;15:20;17:10;01:50;;
SBSP;SBSV;15:25;17:55;02:30;;
SBSP;SBGO;15:35;17:20;01:45;;
SBSP;SBMO;15:40;18:40;03:00;;
SBSP;SBRJ;15:40;16:45;01:05;;
SBSP;SBNF;16:05;17:20;01:15;;
SBSP;SBCF;16:10;17:35;01:25;;
SBSP;SBRJ;16:15;17:20;01:05;;
SBSP;SBCT;16:25;17:30;01:05;;
SBSP;SBGO;16:45;18:30;01:45;;
SBSP;SBRJ;16:45;17:50;01:05;;
SBSP;SBBR;17:15;19:05;01:50;;
SBSP;SBRJ;17:35;18:40;01:05;;
SBSP;SBCT;17:45;18:50;01:05;;
SBSP;SBBR;18:00;19:50;01:50;;
SBSP;SBCF;18:00;19:25;01:25;;
SBSP;SBFL;18:15;19:35;01:20;;
SBSP;SBPA;18:20;20:10;01:50;;
SBSP;SBRJ;18:25;19:30;01:05;;
SBSP;SBGL;18:30;19:45;01:15;;
SBSP;SBRF;18:30;21:45;03:15;;
SBSP;SBRJ;18:55;20:00;01:05;;
SBSP;SBFL;19:05;20:25;01:20;;
SBSP;SBCT;19:10;20:15;01:05;;
SBSP;SBPA;19:25;21:15;01:50;;
SBSP;SBBR;19:35;21:25;01:50;;
SBSP;SBSV;19:40;22:05;02:25;;
SBSP;SBRF;19:55;23:15;03:20;;
SBSP;SBRJ;20:10;21:15;01:05;;
SBSP;SBFZ;20:20;23:55;03:35;;
SBSP;SBSV;20:25;22:50;02:25;;
SBSP;SBVT;20:40;22:20;01:40;;
SBSP;SBMO;21:00;00:05;03:05;;
SBSP;SBGO;21:10;22:50;01:40;;
SBSP;SBSG;21:10;00:40;03:30;;
SBSP;SBSV;21:50;00:15;02:25;;
SBSP;SBBR;06:00;07:45;01:45;;
SBSP;SBAR;06:20;08:45;02:25;;
SBSP;SBBR;06:30;08:20;01:50;;
SBSP;SBGL;06:55;08:00;01:05;;
SBSP;SBFI;07:00;08:45;01:45;;
SBSP;SBPS;07:00;09:00;02:00;;
SBSP;SBNF;07:05;08:20;01:15;;
SBSP;SBRF;07:15;10:30;03:15;;
SBSP;SBSV;07:15;09:40;02:25;;
SBSP;SBRJ;07:25;08:35;01:10;;
SBSP;SBCT;08:00;09:10;01:10;;
SBSP;SBCF;08:15;09:40;01:25;;
SBSP;SBRJ;08:40;09:50;01:10;;
SBSP;SBRF;08:50;12:05;03:15;;
SBSP;SBSV;09:00;11:25;02:25;;
SBSP;SBFL;10:00;11:15;01:15;;
SBSP;SBRJ;10:05;11:10;01:05;;
SBSP;SBNF;10:15;11:30;01:15;;
SBSP;SBCN;11:10;12:45;01:35;;
SBSP;SBUR;11:10;12:25;01:15;;
SBSP;SBRJ;11:15;12:20;01:05;;
SBSP;SBDB;11:20;13:20;02:00;;
SBSP;SBSV;11:40;14:10;02:30;;
SBSP;SBRJ;13:00;14:05;01:05;;
SBSP;SBSV;16:10;18:40;02:30;;
SBSP;SBPA;16:50;18:40;01:50;;
SBSP;SBNF;17:25;18:40;01:15;;
SBSP;SBRJ;19:35;20:40;01:05;;
SBSP;SBGO;06:10;07:55;01:45;;
SBSP;SBSV;06:15;08:40;02:25;;
SBSP;SBPS;06:55;09:00;02:05;;
SBSP;SBFI;07:00;08:40;01:40;;
SBSP;SBCT;07:05;08:15;01:10;;
SBSP;SBPA;08:05;09:50;01:45;;
SBSP;SBNF;14:35;15:50;01:15;;
SBSP;SBCF;17:05;18:30;01:25;;
SBSP;SBFL;17:40;18:55;01:15;;
SBSP;SBAR;06:00;08:40;02:40;;
SBSP;SBFI;06:35;08:20;01:45;;
SBSP;SBRF;06:55;10:10;03:15;;
SBSP;SBSV;07:10;09:35;02:25;;
SBSP;SBGL;07:20;08:20;01:00;;
SBSP;SBRJ;07:30;08:40;01:10;;
SBSP;SBPA;07:35;09:20;01:45;;
SBSP;SBAR;08:40;11:20;02:40;;
SBSP;SBFZ;09:05;12:35;03:30;;
SBSP;SBMO;09:20;12:25;03:05;;
SBSP;SBBR;09:30;11:15;01:45;;
SBSP;SBPA;09:35;11:20;01:45;;
SBSP;SBNF;09:55;11:10;01:15;;
SBSP;SBCF;10:05;11:30;01:25;;
SBSP;SBRF;10:10;13:25;03:15;;
SBSP;SBSV;10:15;12:45;02:30;;
SBSP;SBFL;10:30;11:45;01:15;;
SBSP;SBDB;11:00;13:05;02:05;;
SBSP;SBFL;11:10;12:30;01:20;;
SBSP;SBBR;11:35;13:25;01:50;;
SBSP;SBJV;11:45;12:50;01:05;;
SBSP;SBMG;12:00;13:25;01:25;;
SBSP;SBSG;12:15;15:55;03:40;;
SBSP;SBFL;12:30;13:50;01:20;;
SBSP;SBFZ;12:40;16:10;03:30;;
SBSP;SBRJ;12:55;14:00;01:05;;
SBSP;SBCG;13:00;14:55;01:55;;
SBSP;SBPF;13:30;15:20;01:50;;
SBSP;SBFL;13:35;14:55;01:20;;
SBSP;SBSV;13:55;16:25;02:30;;
SBSP;SBJP;14:00;17:20;03:20;;
SBSP;SBCX;14:15;15:55;01:40;;
SBSP;SBSG;14:30;18:00;03:30;;
SBSP;SBRJ;14:45;15:50;01:05;;
SBSP;SBMO;15:00;18:00;03:00;;
SBSP;SBPA;15:45;17:35;01:50;;
SBSP;SBRJ;15:45;16:50;01:05;;
SBSP;SBFL;16:20;17:40;01:20;;
SBSP;SBIL;17:05;19:15;02:10;;
SBSP;SBCT;17:35;18:40;01:05;;
SBSP;SBCX;18:10;19:50;01:40;;
SBSP;SBNF;18:15;19:20;01:05;;
SBSP;SBFZ;19:25;22:55;03:30;;
SBSP;SBPS;20:05;22:00;01:55;;
SBSP;SBGL;06:45;07:50;01:05;;
SBSP;SBCT;07:55;09:05;01:10;;
SBSP;SBFZ;09:50;13:20;03:30;;
SBSP;SBNF;10:10;11:25;01:15;;
SBSP;SBCN;10:50;12:25;01:35;;
SBSP;SBLO;11:00;12:20;01:20;;
SBSP;SBRP;11:05;12:10;01:05;;
SBSP;SBDB;11:10;13:00;01:50;;
SBSP;SBCX;11:25;13:05;01:40;;
SBSP;SBFL;11:40;13:00;01:20;;
SBSP;SBUR;11:40;12:55;01:15;;
SBSP;SBCF;12:00;13:25;01:25;;
SBSP;SBDN;12:05;13:25;01:20;;
SBSP;SBMG;12:40;14:05;01:25;;
SBSP;SBNF;12:40;13:55;01:15;;
SBSP;SBCH;13:10;14:45;01:35;;
SBSP;SBUL;13:20;14:40;01:20;;
SBSP;SBCG;13:35;15:30;01:55;;
SBSP;SBVT;13:50;15:30;01:40;;
SBSP;SBPA;14:05;15:50;01:45;;
SBSP;SBIL;14:20;16:30;02:10;;
SBSP;SBMO;14:25;17:25;03:00;;
SBSP;SBNF;14:25;15:40;01:15;;
SBSP;SBRF;14:55;18:10;03:15;;
SBSP;SBCF;15:20;16:45;01:25;;
SBSP;SBPA;15:40;17:30;01:50;;
SBSP;SBNF;16:10;17:25;01:15;;
SBSP;SBCT;16:45;17:50;01:05;;
SBSP;SBPA;17:05;18:55;01:50;;
SBSP;SBCT;17:30;18:35;01:05;;
SBSP;SBFL;17:35;18:55;01:20;;
SBSP;SBPA;18:00;19:50;01:50;;
SBSP;SBGL;18:15;19:30;01:15;;
SBSP;SBCF;18:40;20:05;01:25;;
SBSP;SBRJ;18:50;19:55;01:05;;
SBSP;SBSV;19:55;22:20;02:25;;
SBSP;SBRF;20:05;23:25;03:20;;
SBSP;SBVT;20:10;21:50;01:40;;
SBSP;SBMO;20:40;23:40;03:00;;
SBSP;SBSV;21:55;00:20;02:25;;
SBSP;SBFL;07:45;09:10;01:25;;
SBSP;SBGO;09:20;11:05;01:45;;
SBSP;SBCT;10:40;11:45;01:05;;
SBSP;SBGL;18:35;19:50;01:15;;
SBSP;SBRF;09:05;12:20;03:15;;
SBSP;SBCN;10:40;12:10;01:30;;
SBSP;SBPF;10:45;12:35;01:50;;
SBSP;SBSV;11:05;13:30;02:25;;
SBSP;SBGL;06:30;07:35;01:05;;
SBSP;SBBR;06:40;08:30;01:50;;
SBSP;SBRJ;06:55;08:05;01:10;;
SBSP;SBCF;09:20;10:45;01:25;;
SBSP;SBNF;10:15;11:25;01:10;;
SBSP;SBZM;11:00;12:15;01:15;;
SBSP;SBGL;18:40;19:55;01:15;;
SBSP;SBJP;21:05;00:25;03:20;;
SBSP;SBPS;13:50;16:00;02:10;;
SBSP;SBSV;20:30;22:55;02:25;;
SBSP;SBRJ;06:40;07:45;01:05;;
SBSP;SBCF;08:00;09:25;01:25;;
SBSP;SBFL;08:30;09:55;01:25;;
SBSP;SBCT;10:35;11:40;01:05;;
SBSP;SBPS;10:55;13:00;02:05;;
SBSP;SBFL;11:10;12:25;01:15;;
SBSP;SBGL;11:10;12:25;01:15;;
SBSP;SBGO;16:05;17:55;01:50;;
SBSP;SBJP;21:00;00:20;03:20;;
SBSP;SBPA;14:00;15:45;01:45;;
SBSP;SBPS;14:00;16:00;02:00;;
SBSP;SBNF;14:35;15:55;01:20;;
SBSP;SBFI;06:55;08:40;01:45;;
SBSP;SBFL;08:00;09:25;01:25;;
SBSP;SBGL;11:55;13:05;01:10;;
SBSP;SBUL;13:10;14:25;01:15;;
SBSP;SBPA;14:05;15:55;01:50;;
SBSP;SBCF;08:15;09:35;01:20;;
SBSP;SBCF;09:00;10:25;01:25;;
SBSP;SBGO;21:10;23:00;01:50;;
SBSP;SBFI;06:40;08:25;01:45;;
SBSP;SBRJ;06:55;08:00;01:05;;
SBSP;SBMK;16:00;17:50;01:50;;
SBSP;SBCF;06:55;08:20;01:25;;
SBSP;SBMO;14:40;17:40;03:00;;
SBSP;SBCN;10:40;12:15;01:35;;
SBSP;SBCT;16:50;17:55;01:05;;
SBSP;SBSG;21:20;00:50;03:30;;
SBSP;SBPA;15:20;17:15;01:55;;
SBSP;SBCF;16:40;18:05;01:25;;
SBSP;SBRJ;09:15;10:25;01:10;;
SBSP;SBSV;11:10;13:35;02:25;;
SBSP;SBRJ;08:05;09:10;01:05;;
SBSP;SBPA;08:15;10:00;01:45;;
SBSP;SBBR;19:30;21:20;01:50;;
SBSP;SBGL;11:50;13:00;01:10;;
SBSP;SBFL;16:30;17:45;01:15;;
SBSP;SBVT;08:45;10:20;01:35;;
SBSP;SBPA;09:35;11:25;01:50;;
SBSP;SBGL;11:05;12:15;01:10;;
SBSP;SBPA;09:05;10:50;01:45;;
SBSP;SBRP;10:50;11:55;01:05;;
SBSP;SBGL;11:25;12:35;01:10;;
SBSP;SBPA;14:00;15:55;01:55;;
SBSP;SBPA;15:40;17:35;01:55;;
SBSP;SBMK;16:05;17:50;01:45;;
SBSP;SBPA;09:05;10:55;01:50;;
SBSP;SBRF;18:10;21:25;03:15;;
SBSP;SBGL;06:40;07:45;01:05;;
SBSP;SBFL;17:45;19:00;01:15;;
SBSP;SBPA;09:15;10:55;01:40;;
SBSP;SBFL;14:30;15:45;01:15;;
SBSP;SBMO;14:55;18:00;03:05;;
SBSP;SBCF;07:50;09:15;01:25;;
SBSR;SBSP;16:10;17:25;01:15;;
SBSR;SBSP;16:15;17:30;01:15;;
SBSV;SBGR;10:00;12:30;02:30;;
SBSV;SBSP;10:25;13:00;02:35;;
SBSV;SBGL;11:40;13:50;02:10;;
SBSV;SBSP;12:05;14:45;02:40;;
SBSV;SBBR;14:10;16:10;02:00;;
SBSV;SBSP;14:30;17:05;02:35;;
SBSV;SBGL;14:55;17:05;02:10;;
SBSV;SBGO;15:50;17:55;02:05;;
SBSV;SBSP;17:20;19:55;02:35;;
SBSV;SBBR;17:35;19:35;02:00;;
SBSV;SBGR;18:10;20:35;02:25;;
SBSV;SBGL;18:50;20:55;02:05;;
SBSV;SBSP;19:20;21:55;02:35;;
SBSV;SBBR;22:50;00:50;02:00;;
SBSV;SBAR;23:50;00:40;00:50;;
SBSV;SBGR;05:40;08:05;02:25;;
SBSV;SBBR;06:00;08:00;02:00;;
SBSV;SBSP;06:00;08:40;02:40;;
SBSV;SBSP;09:25;12:05;02:40;;
SBSV;SBGL;11:35;13:40;02:05;;
SBSV;SBGR;12:10;14:40;02:30;;
SBSV;SBCF;13:30;15:05;01:35;;
SBSV;SBFZ;14:45;16:35;01:50;;
SBSV;SBMO;14:50;16:00;01:10;;
SBSV;SBSL;14:50;16:55;02:05;;
SBSV;SBRF;14:55;16:20;01:25;;
SBSV;SBSG;15:00;16:30;01:30;;
SBSV;SBJP;15:05;16:35;01:30;;
SBSV;SBVT;15:20;17:00;01:40;;
SBSV;SBGR;18:05;20:35;02:30;;
SBSV;SBBR;18:10;20:10;02:00;;
SBSV;SBCF;18:10;19:55;01:45;;
SBSV;SBPA;18:40;22:30;03:50;;
SBSV;SBSP;14:05;16:40;02:35;;
SBSV;SBCF;15:05;16:55;01:50;;
SBSV;SAEZ;15:30;20:10;04:40;;
SBSV;SBSP;18:35;21:05;02:30;;
SBSV;SBSP;09:20;12:00;02:40;;
SBSV;SBSP;10:15;12:50;02:35;;
SBSV;SBGR;11:25;14:00;02:35;;
SBSV;SBGR;12:00;14:30;02:30;;
SBSV;SBSL;14:40;16:55;02:15;;
SBSV;SBMO;14:45;15:55;01:10;;
SBSV;SBJP;14:50;16:20;01:30;;
SBSV;SBPS;15:30;16:30;01:00;;
SBSV;SABE;15:35;20:30;04:55;;
SBSV;SBSP;17:10;19:45;02:35;;
SBSV;SBBR;17:55;20:00;02:05;;
SBSV;SBGR;17:55;20:20;02:25;;
SBSV;SBBR;18:05;20:05;02:00;;
SBSV;SBGR;19:30;22:05;02:35;;
SBSV;SBVT;21:15;22:50;01:35;;
SBSV;SBGO;05:55;08:00;02:05;;
SBSV;SBGR;11:35;14:05;02:30;;
SBSV;SBSP;12:10;14:50;02:40;;
SBSV;SBBR;14:20;16:20;02:00;;
SBSV;SBSP;14:20;17:00;02:40;;
SBSV;SBSL;14:45;16:55;02:10;;
SBSV;SBFZ;14:50;16:40;01:50;;
SBSV;SBJP;14:55;16:25;01:30;;
SBSV;SBRF;15:00;16:25;01:25;;
SBSV;SBGR;18:00;20:35;02:35;;
SBSV;SBGR;11:10;13:45;02:35;;
SBSV;SBGR;18:15;20:35;02:20;;
SBSV;SBSP;06:35;09:15;02:40;;
SBSV;SBGL;10:55;13:05;02:10;;
SBSV;SBGR;11:30;14:00;02:30;;
SBSV;SBFZ;08:40;10:30;01:50;;
SBSV;SBFZ;08:00;09:50;01:50;;
SBSV;SBSP;07:00;09:40;02:40;;
SBSV;SBGL;11:20;13:30;02:10;;
SBSV;SBSL;14:40;16:50;02:10;;
SBSV;SBGR;17:45;20:20;02:35;;
SBSV;SBBR;18:00;20:00;02:00;;
SBSV;SBSP;10:30;13:05;02:35;;
SBSV;SBGL;11:25;13:35;02:10;;
SBSV;SBMO;14:40;15:50;01:10;;
SBSV;SBGL;11:30;13:40;02:10;;
SBSV;SBGL;11:45;13:55;02:10;;
SBSV;SBBR;23:00;01:00;02:00;;
SBSV;SBSP;05:05;07:35;02:30;;
SBSV;SBGL;11:05;13:15;02:10;;
SBSV;SBGR;10:50;13:25;02:35;;
SBSV;SBGR;18:15;20:40;02:25;;
SBTE;SBGR;21:00;00:05;03:05;;
SBTE;SBSL;21:55;22:50;00:55;;
SBUL;SBSP;15:00;16:20;01:20;;
SBUL;SBSP;15:20;16:40;01:20;;
SBUR;SBSP;13:05;14:25;01:20;;
SBUR;SBSP;13:35;14:55;01:20;;
SBVC;SBGR;06:25;08:20;01:55;;
SBVC;SBGR;06:25;08:30;02:05;;
SBVT;SBGL;09:00;10:10;01:10;;
SBVT;SBGR;11:05;12:40;01:35;;
SBVT;SBGL;12:45;13:55;01:10;;
SBVT;SBSP;16:10;17:55;01:45;;
SBVT;SBBR;18:10;20:00;01:50;;
SBVT;SBGL;18:25;19:35;01:10;;
SBVT;SBGR;18:45;20:25;01:40;;
SBVT;SBGL;19:45;21:00;01:15;;
SBVT;SBSP;06:30;08:15;01:45;;
SBVT;SBGL;08:50;10:00;01:10;;
SBVT;SBSV;11:40;13:15;01:35;;
SBVT;SBGR;18:00;19:40;01:40;;
SBVT;SBSP;06:25;08:10;01:45;;
SBVT;SBGR;09:10;10:40;01:30;;
SBVT;SBGR;11:10;12:45;01:35;;
SBVT;SBPS;11:20;12:30;01:10;;
SBVT;SBGL;13:25;14:35;01:10;;
SBVT;SBGL;18:05;19:15;01:10;;
SBVT;SBSV;19:00;20:35;01:35;;
SBVT;SBGR;19:35;21:15;01:40;;
SBVT;SBBR;18:00;19:50;01:50;;
SBVT;SBSP;11:00;12:45;01:45;;
SBVT;SBGL;13:20;14:30;01:10;;
SBVT;SBSV;23:20;00:55;01:35;;
SBVT;SBSP;06:25;08:15;01:50;;
SBVT;SBGL;22:50;23:50;01:00;;
SBVT;SBGL;18:35;19:45;01:10;;
SBVT;SBGR;11:20;12:55;01:35;;
SBVT;SBSP;15:55;17:40;01:45;;
SBZM;SBSP;13:05;14:25;01:20;;
SBZM;SBSP;12:55;14:15;01:20;;
SGAS;SBGR;12:30;14:30;02:00;;
SGAS;SBGR;17:40;19:40;02:00;;
SLVR;SBGR;13:25;16:25;03:00;;
SLVR;SBGR;04:55;08:05;03:10;;
SLVR;SBGR;05:10;08:05;02:55;;
SMJP;SBBE;15:40;17:30;01:50;;
SUMU;SBGR;13:15;15:50;02:35;;
TFFF;SBEG;19:00;22:05;03:05;;
